number;contract_name;name;address;position;banking;bonus;bike_stands;available_bike_stands;available_bikes;status;last_update
231;bruxelles;231 - KERSBEEK;KERSBEEK - AV KERSBEEK 107 / KERSBEEKLAAN 107;{'lat': 50.805801, 'lng': 4.3194};False;False;19;10;9;OPEN;1647714679000
122;bruxelles;122 - GARE D'ETTERBEEK;GARE D'ETTERBEEK/STATION VAN ETTERBEEK - BOULEVARD GENERAL JACQUES/GENERAAL JACQUESLAAN;{'lat': 50.822207, 'lng': 4.389325};False;True;30;26;4;OPEN;1647714898000
1;bruxelles;001 - LEOPOLD II;LEOPOLD II - AVENUE DE TERVUREN FACE / TERVURENLAAN VOOR 218;{'lat': 50.836304, 'lng': 4.41505};False;True;20;19;1;OPEN;1647714976000
212;bruxelles;212 - THEO LAMBERT;THEO LAMBERT - BD THEO LAMBERT (FACE 60) / THEO LAMBERT LAAN (TEGENOVER 60);{'lat': 50.827106, 'lng': 4.2925};False;False;25;5;20;OPEN;1647714942000
333;bruxelles;333 - TRACTEBEL;TRACTEBEL - AV MARCEL THIRY FACE AU N°93;{'lat': 50.856582, 'lng': 4.430988};False;False;25;15;10;OPEN;1647714586000
184;bruxelles;184 - PHILIPPE BAUCQ;PHILIPPE BAUCQ - RUE PHILIPPE BAUCQ / PHILIPPE BAUCQSTRAAT 32 - 38;{'lat': 50.831592, 'lng': 4.3857859999999995};False;False;25;21;4;OPEN;1647714824000
360;bruxelles;360 - STOCKEL/STOKKEL;STOCKEL/STOKKEL - AVENUE D'OPHEMLAAN, 1-3;{'lat': 50.84157, 'lng': 4.46577};False;False;24;4;20;OPEN;1647714856000
186;bruxelles;186 - GENOT;GENOT - CHAUSSEE DE GAND DEVANT 1033;{'lat': 50.861783, 'lng': 4.302607};False;False;17;9;8;OPEN;1647714832000
167;bruxelles;167 - CHARLES V/KAREL V;CHARLES V/KAREL V - AVENUE CHARLES QUINT/KEIZER KARELLAAN 129-131;{'lat': 50.869032, 'lng': 4.309731};False;False;22;9;13;OPEN;1647714863000
305;bruxelles;305 - PETER BENOIT;PETER BENOIT - PLACE PETER BENOIT PLAATS 2-4;{'lat': 50.895592, 'lng': 4.387965};False;False;25;7;18;OPEN;1647714836000
50;bruxelles;050 - RIBAUCOURT;RIBAUCOURT - BLD LEOPOLD II / LEOPOLD II-LAAN 121-123;{'lat': 50.860862, 'lng': 4.339182};False;False;25;6;19;OPEN;1647714464000
93;bruxelles;093 - CLOVIS;CLOVIS - CHAUSSEE DE LOUVAIN - LEUVENSESTEENWEG 260-264;{'lat': 50.850333, 'lng': 4.380461};False;False;19;7;12;OPEN;1647714906000
274;bruxelles;274 - CORHAY;CORAY - CHEE DE GAND DEVANT 579-587 GENTSESTEENWEG VOOR 579-587;{'lat': 50.86002, 'lng': 4.307502};False;False;25;19;6;OPEN;1647714520000
98;bruxelles;098 - CIMETIERE/KERKHOF;CIMETIERE/KERKHOF - BLD METTEWIE/METTEWIELAAN 40 INTERSECTION CHAUSSÉE DE GAND/GENTSESTEENWEEG;{'lat': 50.85904, 'lng': 4.312402};False;False;20;10;10;OPEN;1647714717000
260;bruxelles;260 - TRITON;TRITON - AVENUE DES ANCIENS COMBATTANTS - PISCINE / OUD-STRIJDERSLAAN - ZWEMBAD;{'lat': 50.86702, 'lng': 4.406995};False;False;25;12;13;OPEN;1647714648000
38;bruxelles;038 - JEU DE BALLE / VOSSENPLEIN;JEU DE BALLE/VOSSENPLEIN - RUE BLAES/BLAESSTRAAT 135-141;{'lat': 50.837912, 'lng': 4.347421};False;False;19;0;19;OPEN;1647714726000
57;bruxelles;057 - MADOU/MADOU;MADOU - AVENUE DES ARTS/KUNSTLAAN 1-2;{'lat': 50.848712, 'lng': 4.369509};False;True;24;24;0;OPEN;1647714707000
351;bruxelles;351 - ULB;ULB - AV BUYL CROISEMENT AV DE L'UNIVERSITE (DEVANT L'ULB);{'lat': 50.813724, 'lng': 4.384205};False;True;25;25;0;OPEN;1647714715000
206;bruxelles;206 - SAINT-GUIDON / SINT GUIDO;SAINT GUIDON / SINT GUIDO - AV PAUL JANSON (FACE AU 34-28) / PAUL JANSONLAAN (TEGENOVER 34-28);{'lat': 50.834755, 'lng': 4.305962};False;False;25;20;5;OPEN;1647714887000
178;bruxelles;178 - DIAMANT/DIAMANT;DIAMANT/DIAMANT - RUE COLONEL BOURG EN FACE 3;{'lat': 50.85043, 'lng': 4.402169};False;False;22;5;17;OPEN;1647714963000
245;bruxelles;245 - HAMOIR;CHEE DE WATERLOO/WATERLOOSESTEENWEG 1050;{'lat': 50.798988, 'lng': 4.375581};False;False;25;9;16;OPEN;1647714658000
99;bruxelles;099 - JUBILE;JUBILE - BOULEVARD DU JUBILE/ JUBELFEESTLAAN 79;{'lat': 50.864992, 'lng': 4.338431};False;True;25;11;14;OPEN;1647715011000
358;bruxelles;358 - MADOUX;MADOUX - AVENUE DE TERVUREN FACE 403;{'lat': 50.82708, 'lng': 4.444795};False;False;25;16;9;OPEN;1647714787000
242;bruxelles;242 - MAISON COMMUNALE D'UCCLE/UKKEL GEMEENTEHUIS;MAISON COMMUNALE D'UCCLE/UKKEL GEMEENTEHUIS - PLACE JEAN VANDER ELST / JEAN VANDER ELST PLEIN;{'lat': 50.803791, 'lng': 4.333321};False;False;25;14;11;OPEN;1647714873000
200;bruxelles;200 - VETERANS COLONIAUX / KOLONIALE VETERANEN;VETERANS COLONIAUX / KOLONIALE VETERANEN - BD JULES GRAINDOR / JULES GRAINDORLAAN;{'lat': 50.843967, 'lng': 4.313537};False;True;25;7;18;OPEN;1647714911000
181;bruxelles;181 - LOUIS TITZ;LOUIS TITZ - AVENUE DE LA CHASSE/ JACHTLAAN 182 - 184;{'lat': 50.835723, 'lng': 4.394395};False;False;25;20;5;OPEN;1647714995000
158;bruxelles;158 - VAN YSENDIJCK;VAN YSENDIJCK - AVENUE VOLTAIRE (FACE 6) / VOLTAIRELAAN (TEGENOVER 6);{'lat': 50.867955, 'lng': 4.379577};False;False;24;3;21;OPEN;1647714577000
161;bruxelles;161 - DEMOLDER;DEMOLDER - AVENUE EUGENE DEMOLDER / EUGENE DEMOLDERLAAN 68;{'lat': 50.872592, 'lng': 4.379886};False;False;25;18;6;OPEN;1647714854000
347;bruxelles;347 - ERASME;ERASME - ROUTE DE LENNIK N°808;{'lat': 50.8149606388997, 'lng': 4.26542850805528};False;False;25;17;8;OPEN;1647714897000
283;bruxelles;283 - PISCINE / ZWEMBAD;PISCINE / ZWEMBAD - RUE DE LOMBARTZYDE / LOMBARDSIJDESTRAAT;{'lat': 50.893158, 'lng': 4.376931};False;False;14;7;6;OPEN;1647714795000
125;bruxelles;125 - GEORGES BRUGMANN;GEORGES BRUGMANN - PLACE GEORGES BRUGMANN/GEORGES BRUGMANNPLEIN N° 10 - 11;{'lat': 50.817392, 'lng': 4.354105};False;True;25;23;2;OPEN;1647714789000
246;bruxelles;246 - GATTI DE GAMOND;GATTI DE GAMMOND - RUE DE STALLE PROLONGEE/STALLE STRAAT 160;{'lat': 50.796471, 'lng': 4.328415};False;False;20;3;17;OPEN;1647714976000
140;bruxelles;140 - AZALEES/AZALEA;AZALEES / AZALEA -   AVENUE PAUL DESCHANEL/LAAN FACE/TEGENOVER N°  6-8;{'lat': 50.862704, 'lng': 4.381289};False;False;25;0;23;OPEN;1647714785000
335;bruxelles;335 - THIRY;THIRY - BD DE LA WOLUWE DVT 100;{'lat': 50.854231, 'lng': 4.444034};False;False;20;8;12;OPEN;1647715028000
279;bruxelles;279 - HOUBA BRUGMANN;HOUBA BRUGMANN - AVENUE HOUBA DE STROOPER / HOUBA DE STROOPERLAAN;{'lat': 50.890181, 'lng': 4.336962};False;False;25;15;10;OPEN;1647714515000
12;bruxelles;012 - TRONE / TROON;TRONE/TROON - AVENUE MARNIX/MARNIXLAAN, 30;{'lat': 50.840458, 'lng': 4.365981};False;False;32;30;2;OPEN;1647714500000
18;bruxelles;018 - GUTENBERG / GUTENBERG;GUTENBERG - SQUARE GUTENBERG (FACE N° 5)/GUTENBERGSSQUARE (TEGENOVER N° 5);{'lat': 50.84771, 'lng': 4.377552};False;False;25;4;20;OPEN;1647714787000
177;bruxelles;177 - CHASSEURS ARDENNAIS/ARDENSE JAGERS;CHASSEURS ARDENNAIS/ARDENSE JAGERSPLEIN - RUE DU NOYER 81-87 /NOTELAARSSTRAAT 81-87;{'lat': 50.849409, 'lng': 4.389263};False;True;25;16;9;OPEN;1647714800000
175;bruxelles;175 - BEEKANT;BEEKANT - BOULEVARD EDMOND MACHTENS / EDMOND MACHTENSLAAN;{'lat': 50.854166, 'lng': 4.322948};False;False;25;4;19;OPEN;1647714842000
308;bruxelles;308 - TIVOLI;TIVOLI - RUE DE MOLENBEEK CROISEMENT RUE DE WAUTIER/ KRUISPUNT MOLENBEEKSTRAAT-DE WAUTIERSTRAAT;{'lat': 50.872265, 'lng': 4.352158};False;False;19;8;9;OPEN;1647714688000
350;bruxelles;350 - VERHEYLEWEGHEN;VERHEYLEWEGHEN - PLACE VERHEYLEWEGHEN DVT LES N°32-34;{'lat': 50.848184, 'lng': 4.425621};False;False;22;7;15;OPEN;1647714943000
7;bruxelles;007 - PARC / PARK;PARC/PARK - RUE ROYALE  (FACE N°66-68)/KONINGSSTRAAT (TEGENOVER N°66-68);{'lat': 50.846319, 'lng': 4.3622440000000005};False;True;25;22;3;OPEN;1647714833000
321;bruxelles;321 - SACRE-CŒUR DE/HEILIGE HART VAN JETTE;SACRE-CŒUR DE JETTE/HEILIGE HART VAN JETTE - AVENUE DU SACREE CŒUR FACE 71 A 79/HEILIGE HARTLAAN VOOR 71 TOT 79;{'lat': 50.884251, 'lng': 4.330287};False;False;19;8;11;OPEN;1647714514000
193;bruxelles;193 - GARE DE L'OUEST;GARE DE L'OUEST - CHEE DE NINOVE 207,209 / NINOOFSESTEENWEG 207,209;{'lat': 50.848866, 'lng': 4.320628};False;False;30;30;0;OPEN;1647714954000
330;bruxelles;330 - VANDERVELDE;VANDERVELDE - AVENUE EMILE VANDERVELDE 90;{'lat': 50.847546, 'lng': 4.450015};False;False;25;15;10;OPEN;1647714814000
79;bruxelles;079 - LOI / WET;LOI/WET - RUE D'ARLON/STRAAT 120;{'lat': 50.84413, 'lng': 4.374871};False;False;22;21;0;OPEN;1647714529000
114;bruxelles;114 - SAISONS/JAARGETIJDEN;SAISONS/JAARGETIJDEN  -  AVENUE DES SAISONS 2 / JAARGETIJDENLAAN 2  ( FERMER PROB CONNEXION );{'lat': 50.820391, 'lng': 4.385358};False;False;25;25;0;OPEN;1647714710000
339;bruxelles;339 - MEUDON;MEUDON - SQUARE MEUDON;{'lat': 50.845365, 'lng': 4.41788};False;False;22;17;4;OPEN;1647714564000
285;bruxelles;285 - COGHEN;COGHEN - AV COGHEN 1 A 5 / COGHENSTRAAT 1 TOT 5;{'lat': 50.813469, 'lng': 4.338951};False;False;25;17;6;OPEN;1647714757000
232;bruxelles;232 - DOMAINE / DOMEIN;DOMAINE / DOMEIN - AV DU DOMAINE (FACE 150) / DOMEINELAAN (VOOR 150);{'lat': 50.810875, 'lng': 4.329158};False;False;25;22;3;OPEN;1647714558000
191;bruxelles;191 - ARTAN;ARTAN - RUE CLAYS;{'lat': 50.853973, 'lng': 4.38374};False;False;24;14;7;OPEN;1647714709000
221;bruxelles;221 - CURIE;CURIE - SQUARE MARIE CURIE (FACE 30) / MARIE CURIE SQUARE (TEGENOVER 30);{'lat': 50.821846, 'lng': 4.284394};False;False;25;8;17;OPEN;1647714813000
153;bruxelles;153 - SQUARE ARMAND STEURS;SQUARE ARMAND STEURS/ARMAND STEURSSQUARE - AVENUE PAUL DESCHANEL (FACE N° 267 - 269) / PAUL DESCHANELLAAN (TEGENOVER 267 - 269);{'lat': 50.854128, 'lng': 4.378002};False;False;25;14;11;OPEN;1647714713000
97;bruxelles;097 - KARREVELD;KARREVELD - CHAUSSEE DE GAND/ GENTSESTEENWEG 1-3;{'lat': 50.858058, 'lng': 4.318689};False;False;25;17;8;OPEN;1647714618000
169;bruxelles;169 - GEORGES EEKHOUD;GEORGES EEKHOUD - AVENUE GEORGES EEKHOUD/GEORGES EEKHOUDLAAN 56;{'lat': 50.877125, 'lng': 4.387515};False;False;25;20;5;OPEN;1647714899000
43;bruxelles;043 - JOSEPH II / JOZEF II;JOSEPH II/JOZEF II - RUE JOSEPH II/JOZEF II-STRAAT;{'lat': 50.845256, 'lng': 4.374501};False;False;25;24;1;OPEN;1647714771000
82;bruxelles;082 - PANNENHUIS;PANNENHUIS - RUE CHARLES DEMEER/CHARLES DEMEERSTRAAT  71;{'lat': 50.872811, 'lng': 4.341149};False;False;20;9;11;OPEN;1647714726000
100;bruxelles;100 - GARE DE LUXEMBOURG/LUXEMBURGSTATION;GARE DE LUXEMBOURG/LUXEMBURGSTATION - RUE DE TREVES / TRIERSTRAAT;{'lat': 50.838411, 'lng': 4.37302};False;True;44;39;5;OPEN;1647714487000
58;bruxelles;058 - GARE DU NORD / NOORDSTATION;GARE DU NORD/NOORDSTATION - PLACE DU NORD / NOORDPLAATS;{'lat': 50.859181, 'lng': 4.35942};False;False;43;11;30;OPEN;1647714487000
234;bruxelles;234 - ST DENIS / ST DENIJS;ST DENIS / ST DENIJS - PLACE ST DENIS FACE 68 / ST DENIJSPLAATS VOOR 68;{'lat': 50.809799, 'lng': 4.317546};False;False;25;2;23;OPEN;1647715036000
269;bruxelles;269 - CICERON;CICERON - CHAUSSE DE LOUVAIN / LEUVENSESTEENWEG1166;{'lat': 50.860859, 'lng': 4.421375};False;False;25;10;14;OPEN;1647714718000
319;bruxelles;319 - ANCIENNE BARRIERE/OUDE AFSPANNING;ANCIENNE BARRIERE / OUDE AFSPANNINGSPLEIN - PLACE DE L'ANCIENNE BARRIERE FACE 10;{'lat': 50.885197, 'lng': 4.317648};False;False;20;6;11;OPEN;1647714995000
256;bruxelles;256 - VAN OVERBEKE;VAN OVERBEKE / AV VAN OVERBEKE / VAN OVERBEKELAAN;{'lat': 50.874767, 'lng': 4.308977};False;False;24;6;17;OPEN;1647714447000
130;bruxelles;130 - ROND POINT DU SOUVERAIN;ROND POINT DU SOUVERAIN - BOULEVARD DU SOUVERAIN FACE / VORSTLAAN VOOR 207;{'lat': 50.819448, 'lng': 4.429082};False;False;23;12;11;OPEN;1647714981000
39;bruxelles;039 - HOTEL DES MONNAIES / MUNTHOTEL;HOTEL DES MONNAIES/MUNTHOTEL - BLD DE WATERLOO- WATERLOOLAAN 93/94/95/96/98;{'lat': 50.834237, 'lng': 4.350732};False;False;25;10;15;OPEN;1647714869000
86;bruxelles;086 - MAISON COMMUNALE DE JETTE GEMEENTEHUIS;MAISON COMMUNALE DE JETTE / JETTE GEMEENTEHUIS - CHAUSSEE DE WEMMEL/WEMMELSESTEENWEG 102;{'lat': 50.876195, 'lng': 4.324477};False;False;25;22;3;OPEN;1647714512000
345;bruxelles;345 - 3 TILLEULS;3 TILLEULS - AV DES ORTOLANS 2;{'lat': 50.802675, 'lng': 4.412073};False;False;18;12;6;OPEN;1647714503000
67;bruxelles;067 - PARC CINQUANTENAIRE / JUBELPARK;PARC CINQUANTENAIRE/JUBELPARK - AVENUE D'AUDERGHEM/OUDERGEMSESTEENWEG 45;{'lat': 50.83975, 'lng': 4.385426};False;True;35;31;4;OPEN;1647715001000
292;bruxelles;292 - RITTWEGER;RITTWEGER - RUE RITTWEGER 6-8 / RITTWEGERSTRAAT 6-8;{'lat': 50.797739, 'lng': 4.336083};False;False;20;8;12;OPEN;1647714948000
307;bruxelles;307 - KAREL BOGAERT;KAREL BOGAERT - BD EMILE BOCKSTAEL / EMILE BOCKSTAELLAAN 307;{'lat': 50.881889, 'lng': 4.347448};False;False;20;8;12;OPEN;1647714985000
359;bruxelles;359 - JCDECAUX;JCDECAUX - ALLÉE VERTE 50 À 1000 BRUXELLES;{'lat': 50.867708, 'lng': 4.357532};False;False;20;7;13;OPEN;1647714897000
344;bruxelles;344 - BETHLEEM;BETHLEEM - PLACE BETHLEEM;{'lat': 50.830179, 'lng': 4.337958};False;False;20;8;12;OPEN;1647714702000
268;bruxelles;268 - DUNANT;DUNANT - AV HENRI DUNANT / HENRI DUNANTLAAN;{'lat': 50.862808, 'lng': 4.410791};False;False;20;14;6;OPEN;1647714754000
111;bruxelles;111 - ETANGS MELLAERTS VIJVERS;ETANGS MELLAERTS VIJVERS - BOULEVARD DU SOUVERAIN FACE / VORSTLAAN VOOR 275;{'lat': 50.827831, 'lng': 4.431822};False;False;25;11;13;OPEN;1647714495000
27;bruxelles;027 - SQUARE ALBERT I / ALBERT I SQUARE;SQUARE ALBERT I / ALBERT I-SQUARE 25 - 26 - 27;{'lat': 50.838733, 'lng': 4.32176};False;False;25;19;6;OPEN;1647714489000
355;bruxelles;355 - PARNASSE;PARNASSE - RUE DU TRONE N°66 (CLOS PARNASSE);{'lat': 50.837714, 'lng': 4.369117};False;False;22;20;2;OPEN;1647714521000
157;bruxelles;157 - HELIOTROPES/HELIOTROPEN;HELIOTROPES/HELIOTROPEN - BOULEVARD LAMBERMONT /  LAMBERMONTLAAN 374;{'lat': 50.863388, 'lng': 4.386222};False;False;24;10;14;OPEN;1647714749000
154;bruxelles;154 - PLASKY/PLASKY;PLASKY - SQUARE EUGENE PLASKY (FACE 100) / EUGENE PLASKYSQUARE (TEGENOVER 100);{'lat': 50.851241, 'lng': 4.396386};False;True;25;22;3;OPEN;1647714695000
132;bruxelles;132 - DEUX CHAUSSEES;DEUX CHAUSSEES - CHEE DE TERVURENLAAN FACE/TEGENOVER 93A;{'lat': 50.816338, 'lng': 4.433895};False;False;19;6;13;OPEN;1647714754000
134;bruxelles;134 - BASTOGNE/BASTENAKEN;BASTOGNE/BASTENAKEN - PLACE DE BASTOGNE/BASTENAKENPLEIN;{'lat': 50.862652, 'lng': 4.316644};False;False;25;14;11;OPEN;1647714679000
208;bruxelles;208 - MELBA;MELBA - AV NELLIE MELBA (FACE 1 a 9) / NELLIE MELBALAAN (TEGENOVER 1 tot 9);{'lat': 50.832565, 'lng': 4.294311};False;False;25;18;7;OPEN;1647714550000
48;bruxelles;048 - CONGRES;CONGRES - RUE ROYALE/KONINGSSTRAAT 144-146-148;{'lat': 50.849358, 'lng': 4.363589};False;True;23;23;0;OPEN;1647714867000
342;bruxelles;342 - MAISON COMMUNALE DE BERCHEM ST AGHATE;MAISON COMMUNALE DE BERCHEM ST AGHATE - AVENUE DU ROI ALBERT DVT 38;{'lat': 50.864761, 'lng': 4.294429};False;False;20;14;6;OPEN;1647714803000
197;bruxelles;197 - DE SMET;DE SMET - PLACE HENRI DE SMET / HENRI DE SMETPLEIN;{'lat': 50.848255, 'lng': 4.314854};False;False;25;15;10;OPEN;1647715011000
62;bruxelles;062 - CORTENBERGH / KORTENBERG;CORTENBERGH / KORTENBERG - AVENUE D'AUDERGHEM 1 - 9 /OUDERGHEMLAAN 1-9;{'lat': 50.84177, 'lng': 4.38418};False;False;40;35;3;OPEN;1647714803000
278;bruxelles;278 - STADE / STADIUM;STADE / STADIUM - AVENUE HOUBA DE STROOPER / HOUBA DE STROOPERLAAN;{'lat': 50.894005, 'lng': 4.331902};False;False;25;9;16;OPEN;1647714774000
320;bruxelles;320 - UZ BRUSSEL;UZ BRUSSEL - AVENUE DE L'ARBRE BALLON / DIKKE-BEUKLAAN;{'lat': 50.886451, 'lng': 4.310966};False;False;20;11;8;OPEN;1647714770000
187;bruxelles;187 - ARSENAL/ARSENAAL;ARSENAL/ARSENAAL - BOULEVARD LOUIS SCHMIDT/ LOUIS SCHMIDTLAAN 2;{'lat': 50.826603, 'lng': 4.397117};False;False;25;15;10;OPEN;1647714936000
315;bruxelles;315 - SACRE COEUR AUDERGHEM/HEILIGE HART OUDERGHEM;SACRE COEUR AUDERGHEM / HEILIGE HART OUDERGHEM - SQUARE DU SACREE CŒUR / HEILIG-HARTSQUARE;{'lat': 50.810322, 'lng': 4.435789};False;False;20;14;6;OPEN;1647714803000
291;bruxelles;291 - DECROLY;DECROLY - RUE GATTI DE GAMMOND / GATTI DE GAMMOND STRAAT;{'lat': 50.804661, 'lng': 4.327886};False;False;19;14;4;OPEN;1647714931000
238;bruxelles;238 - UNION SAINT-GILLOISE / SINT-GILLIS UNIE;UNION SAINT-GILLOISE / SINT-GILLIS UNIE - CH DE BRUXELLES 366-362 / BRUSSELSESTEENWEG 366-362;{'lat': 50.820278, 'lng': 4.330802};False;False;20;19;1;OPEN;1647714718000
266;bruxelles;266 - GARE BORDET STATION;GARE BORDET / BORDET STATION - CHAUSSEE D'HAECHT FACE 1147 / HAACHTSESTEENWEG VOOR 1147;{'lat': 50.877552, 'lng': 4.409136};False;False;21;16;5;OPEN;1647714694000
17;bruxelles;017 - COMTE DE FLANDRE/GRAAF VAN VLAANDEREN;COMTE DE FLANDRE/GRAAF VAN VLAANDEREN - RUE SAINTE-MARIE / SINT-MARIASTRAAT;{'lat': 50.855358, 'lng': 4.339465};False;False;24;5;18;OPEN;1647714962000
229;bruxelles;229 - ZAMAN FOREST NATIONAL/ZAMAN VORST NATIONAAL;ZAMAN FOREST NATIONAL/ZAMAN VORST NATIONAAL - AV VAN VOLXEM 2 / VAN VOLXEMLAAN 2;{'lat': 50.813587, 'lng': 4.324681};False;False;18;8;10;OPEN;1647715031000
74;bruxelles;074 - PLACE LOIX/LOIXPLEIN;PLACE LOIX/LOIXPLEIN - RUE BERCKMANS/ BERCKMANSSTRAAT 78 - 84;{'lat': 50.831936, 'lng': 4.353037};False;False;24;18;6;OPEN;1647714607000
106;bruxelles;106 - GERMOIR/MOUTERIJ;GERMOIR/MOUTERIJ - AVENUE DE LA COURONNE/KROONLAAN 92-94-96;{'lat': 50.830011999999996, 'lng': 4.3786249999999995};False;True;25;12;13;OPEN;1647714876000
267;bruxelles;267 - GENEVE;GENEVE - RUE DE GENEVE /  GENEVESTRAT 12;{'lat': 50.862912, 'lng': 4.403226};False;False;25;15;10;OPEN;1647714763000
190;bruxelles;190 - TERDELT;TERDELT - PLACE TERDELT / TERDELTPLEIN;{'lat': 50.867904, 'lng': 4.390696};False;False;22;10;12;OPEN;1647714643000
362;bruxelles;362 - GARE BERCHEM ST AGATHE/ST AGATA BERCHEM;GARE BERCHEM ST AGATHE/ST AGATA BERCHEM STATION - RUE BOIS DES ÎLES/EILANDENHOUTSTRAAT 1-15;{'lat': 50.872501, 'lng': 4.290218};False;False;20;5;14;OPEN;1647714535000
16;bruxelles;016 - LOUISE / LOUIZA;LOUISE/LOUIZA - PLACE LOUISE/LOUIZAPLEIN 53;{'lat': 50.835968, 'lng': 4.355508};False;True;40;21;19;OPEN;1647714882000
318;bruxelles;318 - CARDINAL MERCIER / KARDINAAL MERCIER;CARDINAL MERCIER / KARDINAAL MERCIER - PLACE CARDINAL MERCIER / KARDINAAL MERCIER PLEIN 6;{'lat': 50.880539, 'lng': 4.32823};False;False;26;17;9;OPEN;1647714810000
217;bruxelles;217 - BIZET;BIZET - PLACE BIZET (face 11 a 19) / BIZETPLEIN (TEGENOVER 11 tot 19);{'lat': 50.824913, 'lng': 4.297248};False;False;23;8;14;OPEN;1647714799000
116;bruxelles;116 - ULB PLAINE;ULB PLAINE - BOULEVARD DE LA PLAINE  (ENTREE ULB) / PLEINLAAN (INGANG VUB);{'lat': 50.818253, 'lng': 4.395749};False;False;25;18;6;OPEN;1647714953000
275;bruxelles;275 - VERSAILLES;VERSAILLES - AVENUE DE VERSAILLES / VERSAILLESLAAN 125;{'lat': 50.896278, 'lng': 4.372427};False;False;20;10;10;OPEN;1647714730000
69;bruxelles;069 - LESBROUSSART;LESBROUSSART - AVENUE LOUISE/LOUIZALAAN 192;{'lat': 50.827577, 'lng': 4.363797};False;True;29;14;15;OPEN;1647714792000
329;bruxelles;329 - ROODEBEEK;ROODEBEEK - AV PAUL HYMANS FACE À L'ARRÊT METRO ROODEBEEK;{'lat': 50.847617, 'lng': 4.436084};False;False;24;14;10;OPEN;1647715037000
183;bruxelles;183 - LA CHASSE/JACHT;LA CHASSE/JACHT - AVENUE DES CASERNES/ KAZERNENLAAN 4 - 6;{'lat': 50.829928, 'lng': 4.390357};False;False;25;10;15;OPEN;1647714805000
117;bruxelles;117 - CIMETIERE D'IXELLES/BEGRAAFPLAATS VAN ELSENE;CIMETIERE D'IXELLES / BEGRAAFPLAATS VAN ELSENE - AVENUE DE LA COURONNE/KROONLAAN 449;{'lat': 50.816029, 'lng': 4.391006};False;True;34;22;12;OPEN;1647714856000
168;bruxelles;168 - HOPITAL FRANÇAIS/FRANS HOSPITAAL;HOPITAL FRANÇAIS/FRANS HOSPITAAL - AVENUE JOS GOFFINLAAN 133-135;{'lat': 50.866379, 'lng': 4.303281};False;False;25;14;11;OPEN;1647715007000
257;bruxelles;257 - PL MARGHERITE D'AUTRICHE / MARGARETHA VAN OO;PLACE MARGHERITE D'AUTRICHE / MARGARETHA VAN OOSTENRIJKPLEIN;{'lat': 50.872169, 'lng': 4.298216};False;False;25;12;12;OPEN;1647714658000
49;bruxelles;049 - WILLEBROECK/WILLEBROEK;WILLEBROECK/WILLEBROEK - QUAI DE WILLEBROECK/WILLEBROEKKAAI 22 BIS;{'lat': 50.8615, 'lng': 4.351143};False;False;25;16;7;OPEN;1647714934000
118;bruxelles;118 - SCHWEITZER;SCHWEITZER - PLACE DOCTEUR SCHWEITZER;{'lat': 50.864622, 'lng': 4.297878};False;False;25;17;8;OPEN;1647714586000
23;bruxelles;023 - AGORA / AGORA;AGORA - PLACE AGORA/AGORAPLEIN 120;{'lat': 50.846331, 'lng': 4.355193};False;False;19;0;19;OPEN;1647714863000
332;bruxelles;332 - VERGOTE;VERGOTE - BD BRAND WHITLOK;{'lat': 50.845229, 'lng': 4.404311};False;False;24;12;12;OPEN;1647714884000
271;bruxelles;271 - DUBOIS;DUBOIS - BD EMILE MACHTENS/LAAN 102-104;{'lat': 50.851158, 'lng': 4.309591};False;False;25;15;9;OPEN;1647714551000
66;bruxelles;066 - SCHUMAN;SCHUMAN - RUE DE LA LOI 170;{'lat': 50.843359, 'lng': 4.379946};False;True;40;29;11;OPEN;1647715037000
251;bruxelles;251 - PAOLA;PAOLA - RUE VICTOR ALLARD FACE 222 / VICTOR ALLARD STRAAT VOOR 222;{'lat': 50.800377, 'lng': 4.326985};False;False;20;8;12;OPEN;1647714848000
131;bruxelles;131 - JARDIN MASSART;JARDIN MASSART - AV HERMANN DEBROUXLAAN;{'lat': 50.81329, 'lng': 4.434751};False;False;25;8;17;OPEN;1647714844000
174;bruxelles;174 - MENNEKENS/MENNEKENS;MENNEKENS - AVENUE BRIGADE PIRON (FACE AUX 80 - 82 - 84)/ BRIGADE PIRONLAAN (TEGENOVER 80 - 82 - 84);{'lat': 50.853947, 'lng': 4.31635};False;False;22;6;16;OPEN;1647714721000
56;bruxelles;056 - ARCHIMEDE / ARCHIMEDES;ARCHIMEDE / ARCHIMEDES - RUE ARCHIMEDE/ARCHIMEDESSTRAAT 58-64;{'lat': 50.845817, 'lng': 4.383722};False;False;25;20;5;OPEN;1647714799000
123;bruxelles;123 - BASCULE;BASCULE -  CHAUSSEE DE VLEURGAT (DEVANT 315 - 317) / VLEURGATSESTEENWEG  (N° 315 - 317);{'lat': 50.817507, 'lng': 4.366498};False;True;25;21;3;OPEN;1647714474000
143;bruxelles;143 - RTL;RTL  - CHAUSSEE DE LOUVAIN (DVT 770)/ LEUVENSE STEENWEG (N° 770);{'lat': 50.857218, 'lng': 4.407879};False;False;25;15;10;OPEN;1647714640000
83;bruxelles;083 - SIMONIS;SIMONIS / BD LEOPOLD II (DEVANT 282)/ LEOPOLD II-LAAN (N° 282);{'lat': 50.86284, 'lng': 4.33126};False;False;32;13;15;OPEN;1647714824000
155;bruxelles;155 - LES MARRONNIERS;LES MARRONNIERS - CHEE DE WAVRE / WAVERSESTEENWEG FACE / VOOR 1049 - 1055;{'lat': 50.824953, 'lng': 4.399088};False;True;25;8;17;OPEN;1647714760000
147;bruxelles;147 - EMILE MAX LYCEE/LYCEUM EMILE MAX;EMILE MAX LYCEE/LYCEUM EMILE MAX - CHAUSSEE D'HAECHT/ HAACHTSESTEENWEG 226 - 230;{'lat': 50.861874, 'lng': 4.372146};False;True;25;7;17;OPEN;1647714463000
84;bruxelles;084 - STE ANNE/SINT-ANNA;STE ANNE/SINT-ANNA  -  RUE DE L'EGLISE STE ANNE/SINT-ANNAKERKSTRAAT 116;{'lat': 50.85896, 'lng': 4.330107};False;False;20;3;17;OPEN;1647714774000
77;bruxelles;077 - PAUL JANSON;PAUL JANSON - CHAUSSEE DE CHARLEROI/ CHARLEROISESTEENWEG 159;{'lat': 50.827399, 'lng': 4.355281};False;True;25;21;4;OPEN;1647715025000
323;bruxelles;323 - CARENE;CARENE - AV LEON GROSJEAN 79;{'lat': 50.855186, 'lng': 4.415246};False;False;20;10;10;OPEN;1647714895000
101;bruxelles;101 - ZELLIK;ZELLIK - CHAUSSEE DE ZELLIK 4;{'lat': 50.869204, 'lng': 4.291663};False;False;25;11;14;OPEN;1647714895000
202;bruxelles;202 - AUMALE;AUMALE - RUE D'AUMALE / AUMALESTRAAT 339-341;{'lat': 50.840217, 'lng': 4.313386};False;False;25;12;12;OPEN;1647714990000
270;bruxelles;270 - DE PADUWA;DE PADUWA - AVENUE DES ANCIENS COMBATTANTS / OUD-STRIJDERSLAAN 1;{'lat': 50.859127, 'lng': 4.414406};False;False;25;8;17;OPEN;1647715039000
235;bruxelles;235 - FOREST NATIONAL / VORST NATIONAAL;FOREST NATIONAL / VORST NATIONAAL - AV VICTOR ROUSSEAU DVT FOREST NATIONAL / VICTOR ROUSSEAU LAAN VOOR VORST NATIONAAL;{'lat': 50.810085, 'lng': 4.324864};False;False;25;11;14;OPEN;1647714540000
138;bruxelles;138 - HOUFFALIZE;HOUFFALIZE - PLACE DE HOUFFALIZE /HOUFFALIZEPLEIN 58;{'lat': 50.865218, 'lng': 4.377735};False;False;25;12;11;OPEN;1647715014000
300;bruxelles;300 - GARE DE BOONDAELSTATION;GARE DE BOONDAELSTATION - AV DE LA FORET 23 / VORSTLAAN 23;{'lat': 50.801434, 'lng': 4.392831};False;False;25;20;5;OPEN;1647714657000
94;bruxelles;094 - DUCHESSE DE BRABANT/HERTOGIN VAN BRABANT;DUCHESSE DE BRABANT/HERTOGIN VAN BRABANT - RUE DE BIRMINGHAM / BIRMINGHAMSTRAAT;{'lat': 50.849215, 'lng': 4.329184};False;False;20;11;9;OPEN;1647714647000
263;bruxelles;263 - MAISON COMMUNALE D'EVERE;MAISON COMMUNALE D'EVERE/ EVERE GEMEENTEHUIS - SQUARE HOEDEMAEKERS / HOEDEMAEKERSESQUARE 7-8;{'lat': 50.872002, 'lng': 4.403286};False;False;19;10;9;OPEN;1647714734000
304;bruxelles;304 - ARAUCARIA;ARAUCARIA - AV DES CROIX DE FEU DEV 221C;{'lat': 50.893496999999996, 'lng': 4.363297};False;False;25;17;8;OPEN;1647714718000
9;bruxelles;009 - ANNEESSENS;ANNEESSENS - BLD MAURICE LEMONNIER/MAURICE LEMONNIERLAAN 42-44-46;{'lat': 50.844045, 'lng': 4.345048};False;False;35;10;24;OPEN;1647714441000
214;bruxelles;214 - CAMPUS CERIA / CAMPUS VAN CERIA;CAMPUS CERIA / CAMPUS VAN CERIA - AV EMILE GRYSON (FACE 6 a 10) / EMILE GRYSONLAAN (TEGENOVER 6 tot 10);{'lat': 50.816002, 'lng': 4.295121};False;True;30;12;17;OPEN;1647714491000
352;bruxelles;352 - ROUGE-CLOÎTRE / ROOD-KLOOSTER;ROUGE-CLOÎTRE - RUE DU ROUGE-CLOÎTRE (PARKING CENTRE D'ART) / ROOD-KLOOSTERSTRAAT (PARKING KUNSTENCENTRUM);{'lat': 50.814264, 'lng': 4.443479};False;False;23;12;11;OPEN;1647714604000
133;bruxelles;133 - CHÂTEAU/KASTEEL;CHATEAU-KASTEEL - AVENUE DU CHÂTEAU/KASTEELLAAN;{'lat': 50.866795, 'lng': 4.3092224};False;False;24;17;0;OPEN;1647714759000
171;bruxelles;171 - PISCINE LOUIS NAMECHE ZWEMBAD;PISCINE LOUIS NAMECHE ZWEMBAD - RUE CHARLES MALISSTRAAT / PARKING PISCINE / ZWEMBAD PARKING;{'lat': 50.854789, 'lng': 4.312201};False;False;25;12;13;OPEN;1647714593000
357;bruxelles;357 - AVIATION;AVIATION - INTERSECTION AVENUE DE L'AVIATION ET AVENUE ORBAN;{'lat': 50.834634, 'lng': 4.456746};False;False;20;13;7;OPEN;1647715023000
112;bruxelles;112 - PAGE/EDELKNAAP;PAGE-EDELKNAAP  -  CHAUSSEE DE WATERLOO/  WATERLOOSE STEENWEG 440 - 442;{'lat': 50.821567, 'lng': 4.356508};False;True;18;18;0;OPEN;1647715025000
41;bruxelles;041 - SAINT-ROCH/SINT-ROCHUS;SAINT ROCH/SINT-ROCHUS - CHAUSSEE D'ANVERS/ANTWERPSELAAN 37;{'lat': 50.859302, 'lng': 4.35485};False;False;24;10;14;OPEN;1647714572000
249;bruxelles;249 - SAINT-JOB/SINT-JOB;SAINT-JOB/SINT JOB - PLACE SAINT JOB/SINT-JOB PLEIN;{'lat': 50.794186, 'lng': 4.366336};False;False;25;14;11;OPEN;1647714769000
240;bruxelles;240 - VANDERKINDERE;VANDERKINDERE - AVENUE ALBERT/ALBERTLAAN N° 272;{'lat': 50.81418, 'lng': 4.347721};False;True;23;21;2;OPEN;1647714870000
40;bruxelles;040 - PORTE DE HAL / HALLEPOORT;PORTE DE HAL/HALLEPOORT - BOULEVARD DU MIDI/ZUIDLAAN 142;{'lat': 50.833931, 'lng': 4.343155};False;False;25;2;23;OPEN;1647714717000
109;bruxelles;109 - CHATELAIN/KASTELEIN;CHATELAIN/KASTELEIN - RUE DE L'AQUEDUC /AQUADUCTSTRAAT 115-117-119;{'lat': 50.824048, 'lng': 4.359896};False;False;25;19;6;OPEN;1647714707000
73;bruxelles;073 - VLEURGAT;VLEURGAT - AVENUE LOUISE/LOUIZALAAN 300;{'lat': 50.823898, 'lng': 4.367752};False;True;25;18;7;OPEN;1647714775000
159;bruxelles;159 - MASUI;MASUI - AVENUE DE LA REINE / KONINGINNELAAN 153;{'lat': 50.869297, 'lng': 4.36257};False;False;25;14;11;OPEN;1647714961000
199;bruxelles;199 - HENRI REY;STATION HENRI REY - BD FELIX PAULSEN / FELIX PAULSENLAAN 3-5-7-9;{'lat': 50.843693, 'lng': 4.3049859999999995};False;True;15;10;5;OPEN;1647714900000
65;bruxelles;065 - PARVIS DE ST GILLES;PARVIS DE ST GILLES/ST-GILLISVOORPLEIN - CHAUSSEE DE WATERLOO/ WATERLOOSESTEENWEG 65-69;{'lat': 50.829985, 'lng': 4.344557};False;False;25;11;14;OPEN;1647714514000
243;bruxelles;243 - RONDPOINT CHURCHILL/ROTONDE CHURCHILL;RONDPOINT CHURCHILL/ROTONDE CHURCHILL - AV MESSIDOR FACE 338/MESSIDORLAAN TEGENOVER 338;{'lat': 50.811752, 'lng': 4.353424};False;True;25;24;0;OPEN;1647714800000
343;bruxelles;343 - VANDENDRIESCH;VANDENDRIESCH - RUE J-B VANDENDRIESCH 22-24;{'lat': 50.861788, 'lng': 4.292913};False;False;20;9;11;OPEN;1647714737000
301;bruxelles;301 - MARIE-JOSE;MARIE-JOSE - PLACE MARIE-JOSE FACE 14 / MARIE-JOSE PLAATS VOOR 14;{'lat': 50.806551999999996, 'lng': 4.387843};False;False;22;12;10;OPEN;1647714942000
26;bruxelles;026 - VAN LINT;VAN LINT - RUE VAN LINT/ VAN LINTSTRAAT 6 - 8;{'lat': 50.839413, 'lng': 4.328914};False;False;23;10;13;OPEN;1647714644000
47;bruxelles;047 - LES QUAIS / KAAIEN;LES QUAIS/KAAIEN - QUAI A LA CHAUX/KALKKAAI 1-2;{'lat': 50.854714, 'lng': 4.347151};False;False;20;3;16;OPEN;1647714837000
295;bruxelles;295 - COIN DU BALAI;COIN DU BALAI - AV DE LA FORESTERIE;{'lat': 50.793682, 'lng': 4.418497};False;False;25;0;25;OPEN;1647714840000
313;bruxelles;313 - DEMEY;DEMEY - INTERSECTION BD INVALIDENLAAN / AV LOUIS DEHOUXLAAN;{'lat': 50.814858, 'lng': 4.417184};False;False;25;7;18;OPEN;1647714464000
61;bruxelles;061 - MAELBEEK / MAALBEEK;MAELBEEK/MAALBEEK - CHAUSSEE D'ETTERBEEK/ETTERBEEKSESTEENWEG 15;{'lat': 50.843836, 'lng': 4.378002};False;False;35;9;25;OPEN;1647714676000
189;bruxelles;189 - PLACE VAN MEYEL/VAN MEYELPLEIN;PLACE VAN MEYEL/VAN MEYELPLEIN;{'lat': 50.836924, 'lng': 4.389073};False;False;17;11;5;OPEN;1647714785000
54;bruxelles;054 - TOUR ET TAXIS/THURN &TAXIS;TOUR ET TAXIS/THURN &TAXIS - RUE PICARD/ PICARDSTRAAT 3;{'lat': 50.863445, 'lng': 4.34635};False;False;39;11;20;OPEN;1647714969000
312;bruxelles;312 - CENTRE CULTUREL / CULTUREEL CENTRUM;CENTRE CULTUREL / CULTUREEL CENTRUM - BD DU SOUVERAIN FACE 282 / VORSTLAAN VOOR 282;{'lat': 50.816948, 'lng': 4.426551};False;False;25;3;22;OPEN;1647714983000
135;bruxelles;135 - PARC LACROIX/LACROIX PARK;PARC LACROIX / LACROIX PARK - AV PRINCESSE ELISABETH/PRINSES ELISABETHLAAN;{'lat': 50.872744, 'lng': 4.376647};False;False;25;3;22;OPEN;1647714831000
287;bruxelles;287 - FLOREAL;FLOREAL - AV BRUGMANN 359 / BRUGMANNLAAN 359;{'lat': 50.809334, 'lng': 4.345243};False;False;23;16;7;OPEN;1647714844000
239;bruxelles;239 - DARWIN;DARWIN - AV. BRUGMANN / BRUGMANNLAAN 139-147;{'lat': 50.817777, 'lng': 4.3504059999999996};False;True;25;19;6;OPEN;1647714517000
205;bruxelles;205 - DE LINDE;DE LINDE - PLACE DE LINDE 22 / DE LINDEPLEIN 22;{'lat': 50.835503, 'lng': 4.299573};False;False;20;17;3;OPEN;1647698169000
137;bruxelles;137 - MAISON COMMUNALE DE SCHAERBEEK;MAISON COMMUNALE DE SCHAERBEEK / SCHAARBEEK GEMEENTEHUIS - RUE ROYALE SAINTE MARIE/KONINKLIJKE SINTE-MARIASTRAAT 241-243-245;{'lat': 50.86661, 'lng': 4.373102};False;False;25;10;15;OPEN;1647714656000
185;bruxelles;185 - PERE DE DEKEN/PATER DE DEKEN;PERE DE DEKEN/PATER DE DEKEN - RUE PÈRE DE DEKEN/ PATER DE DEKENSTRAAT 40;{'lat': 50.835797, 'lng': 4.401599};False;False;25;20;5;OPEN;1647714833000
227;bruxelles;227 - PATINAGE;PATINAGE - RUE SAINT DENIS DEVANT 122;{'lat': 50.816695, 'lng': 4.319891};False;False;20;9;11;OPEN;1647714894000
88;bruxelles;088 - WOESTE;WOESTE - AVENUE NOTRE DAME DE LOURDES / ONZE-LIEVE-VROUW VAN LOURDESLAAN;{'lat': 50.873354, 'lng': 4.334311};False;False;25;8;17;OPEN;1647714678000
182;bruxelles;182 - BOILEAU;BOILEAU - BOULEVARD SAINT MICHEL / SINT-MICHIELSLAAN;{'lat': 50.83168, 'lng': 4.404769};False;False;25;22;3;OPEN;1647714949000
220;bruxelles;220 - LUTHER KING;LUTHER KING - BD MAURICE CAREME 30 / MAURICE CAREMELAAN 30;{'lat': 50.824867, 'lng': 4.287059};False;False;25;6;19;OPEN;1647714849000
142;bruxelles;142 - BIENFAITEURS/WELDOENERS;BIENFAITEURS/WELDOENERS - AVENUE ROGIER / ROGIERLAAN 269/271;{'lat': 50.857319, 'lng': 4.386724};False;False;24;21;2;OPEN;1647714839000
96;bruxelles;096 - HOTEL PRESIDENT;HOTEL PRESIDENT/PRESIDENT HOTEL - BOULEVARD DU ROI ALBERT II/KONING ALBERT-II LAAN;{'lat': 50.863875, 'lng': 4.358708};False;False;25;13;12;OPEN;1647714932000
119;bruxelles;119 - PAQUOT/PACQUOT;PAQUOT -  RUE JEAN PAQUOT (44 A 48) /JEAN PAQUOTSTRAAT (44 T.E.M 48);{'lat': 50.82559, 'lng': 4.379555};False;False;20;20;0;OPEN;1647715004000
264;bruxelles;264 - NOTRE DAME/ONZE LIEVE VROUW;NOTRE DAME / ONZE LIEVE VROUW - AV NOTRE DAME 53 A 61 / ONZE LIEVE VROUWLAAN 53 TOT 61;{'lat': 50.870983, 'lng': 4.397506};False;False;20;9;11;OPEN;1647714577000
207;bruxelles;207 - BIESTEBROECK / BIESTEBROEK;BIESTEBROECK / BIESTEBROEK - CHEE DE MONS (FACE AU 518-526) / BERGENSESTEENWEG (TEGENOVER 518-526);{'lat': 50.833424, 'lng': 4.313378};False;False;25;2;23;OPEN;1647714499000
180;bruxelles;180 - JOURDAN;JOURDAN - RUE FROISSART (FACE 3 - 5) / FROISSARTSTRAAT (TEGENOVER 3 - 5);{'lat': 50.837726, 'lng': 4.381565};False;False;25;0;25;OPEN;1647714721000
254;bruxelles;254 - BASILIQUE / BASILIEK;BASILIQUE / BASILIEK - AV JACQUES SERMON / JACUES SERMONLAAN;{'lat': 50.867393, 'lng': 4.320344};False;False;22;8;14;OPEN;1647714468000
310;bruxelles;310 - SAINT-VINCENT / SINT-VINCENTIUS;SAINT VINCENT / SINT-VINCENTIUS - RUE STROOBANTS/STROOBANTSSTRAAT;{'lat': 50.88058, 'lng': 4.401674};False;False;20;14;6;OPEN;1647714711000
63;bruxelles;063 - JULES CESAR;JULES CESAR - AVENUE DE TERVUREN DEVANT / TERVURENLAAN VOOR 278;{'lat': 50.834705, 'lng': 4.4216429999999995};False;True;20;12;8;OPEN;1647715028000
290;bruxelles;290 - GARE DE CALEVOET / KALEVOET STATION;GARE DE CALEVOET / KALEVOET STATION - CHEE D'ALSEMBERG / ALSEMBERGSESTEENWEG 1006;{'lat': 50.79158, 'lng': 4.332669};False;False;24;14;10;OPEN;1647714676000
124;bruxelles;124 - CHARLES GRAUX;CHARLES GRAUX - CHAUSSEE DE WATERLOO (DEVANT N° 585 - 587)/ WATERLOOSESTEENWEG (N° 585 - 587);{'lat': 50.818283, 'lng': 4.363568};False;True;25;19;5;OPEN;1647714756000
172;bruxelles;172 - AEROPOLIS;AEROPOLIS - CHAUSSEE D'HAECHT (FACE 586) / HAACHTSESTEENWEG (TEGENOVER 586);{'lat': 50.869764, 'lng': 4.388191};False;False;25;17;5;OPEN;1647714549000
156;bruxelles;156 - JAMBLINE DE MEUX/JAMBLINNE DE MEUX;JAMBLINE DE MEUX - PLACE JAMBLINNE DE MEUX / JAMBLINNE DE MEUXPLEIN 43 - 44 - 45;{'lat': 50.847158, 'lng': 4.393255};False;True;25;21;4;OPEN;1647715029000
91;bruxelles;091 - BELGICA;BELGICA - PLACE WERRIE/ WERRIEPLEIN 24;{'lat': 50.867773, 'lng': 4.335217};False;False;25;10;15;OPEN;1647714883000
337;bruxelles;337 - SHOPPING;SHOPPING - BD DE LA WOLUWE;{'lat': 50.843779, 'lng': 4.437698};False;False;20;7;13;OPEN;1647714665000
311;bruxelles;311 - DELTA;DELTA - BD DES INVALIDES / INVALIDENLAAN;{'lat': 50.818322, 'lng': 4.404122};False;True;22;8;14;OPEN;1647714796000
70;bruxelles;070 - AURORE/DAGERAAD;AURORE/DAGERAAD - AVENUE LOUISE/LOUIZALAAN 440;{'lat': 50.818113, 'lng': 4.371446};False;True;25;24;1;OPEN;1647714579000
5;bruxelles;005 - BOURSE / BEURS;BOURSE / BEURS - RUE PAUL DEVAUX/PAUL DEVAUXSTRAAT;{'lat': 50.848893, 'lng': 4.349396};False;False;44;9;35;OPEN;1647714613000
244;bruxelles;244 - BOIS DE LA CAMBRE;BOIS DE LA CAMBRE - AV WINSTON CHURCHIL 254 / WINSTON CHURCHILLAAN 254;{'lat': 50.81218, 'lng': 4.368321};False;True;20;18;2;OPEN;1647714668000
322;bruxelles;322 - PARC DU ROI BAUDOUIN / BOUDEWIJNPARK;PARC DU ROI BAUDOUIN / BOUDEWIJNPARK - RUE JEAN BAPTISTE MOYENSSTRAAT 400;{'lat': 50.889523, 'lng': 4.315953};False;False;20;9;10;OPEN;1647714894000
170;bruxelles;170 - RIGA;RIGA - SQUARE FRANCOIS RIGA / FRANCOIS RIGASQUARE;{'lat': 50.87453, 'lng': 4.385378};False;False;20;17;3;OPEN;1647714681000
14;bruxelles;014 - PORTE DE NAMUR / NAAMSEPOORT;PORTE DE NAMUR/NAAMSEPOORT - BOULEVARD DE WATERLOO 2;{'lat': 50.838816, 'lng': 4.361557};False;True;42;37;4;OPEN;1647714500000
298;bruxelles;298 - HALL DES SPORTS;HALL DES SPORTS - AV DES 9 PROVINCES / 9 PROVINCIES LAAN / RUE VANDERVEKEN/STRAAT;{'lat': 50.877082, 'lng': 4.301232};False;False;25;12;13;OPEN;1647714845000
20;bruxelles;020 - PALAIS ROYAL / KONINKLIJK PALEIS;PALAIS ROYAL/KONINGSSTRAAT PALEIS - RUE ROYALE (DEVANT N°14)/KONINKLIJKESTRAAT (N°14);{'lat': 50.843613, 'lng': 4.360628};False;True;20;20;0;OPEN;1647714587000
107;bruxelles;107 - DEFACQZ;DEFACQZ - RUE DEFACQZ/ DEFACQZSTRAAT 25-27-29;{'lat': 50.827652, 'lng': 4.359031};False;False;25;20;5;OPEN;1647714639000
281;bruxelles;281 - ATOMIUM;ATOMIUM - BOULEVARD DU CENTENAIRE / EEUWFEESTLAAN;{'lat': 50.895485, 'lng': 4.341311};False;False;25;12;13;OPEN;1647714550000
209;bruxelles;209 - VEEWEYDE / VEEWEIDE;VEEWEYDE / VEEWEIDE - BD THEO LAMBERT (FACE 5 a 9) / THEO LAMBERTLAAN (TEGENOVER ( tot 9);{'lat': 50.828602, 'lng': 4.299621};False;False;25;16;8;OPEN;1647714901000
211;bruxelles;211 - METRO CERIA;METRO CERIA - CH DE MONS (FACE AU 1292 a 1284) / BERGENSESTEENWEG (TEGENOVER 1292 TOT 1284);{'lat': 50.816528, 'lng': 4.290832};False;False;22;11;11;OPEN;1647715029000
364;bruxelles;364 - DOCKS BRUXSEL;DOCKS BRUXSEL - AVENUE JULES VAN PRAETLAAN;{'lat': 50.879086, 'lng': 4.374729};False;False;20;7;13;OPEN;1647714494000
127;bruxelles;127 - GRAY/GRAY;GRAY - RUE DES DEUX PONTS (FACE 4)/ TWEEBRUGGENSTRAAT (TEGENOVER 4);{'lat': 50.832194, 'lng': 4.377694};False;False;18;7;11;OPEN;1647714728000
108;bruxelles;108 - FLAGEY;FLAGEY - PLACE FLAGEY (FACE 11)/EUGENE FLAGEYPLEIN (TEGENOVER 11);{'lat': 50.828012, 'lng': 4.3717559999999995};False;False;35;3;28;OPEN;1647714871000
34;bruxelles;034 - FONTAINAS;FONTAINAS - BLD ANSPACH N°180 A 192/ANSPACHLAAN N°180 TOT 192;{'lat': 50.84563, 'lng': 4.346942};False;False;35;0;33;OPEN;1647714822000
230;bruxelles;230 - BERKENDAEL / BERKENDAAL;BERKENDAEL / BERKENDAAL - AVENUE ALBERT / ALBERTLAAN 134;{'lat': 50.818382, 'lng': 4.346061};False;False;24;19;3;OPEN;1647715039000
144;bruxelles;144 - SAINTE-MARIE/SINTE-MARIA;SAINTE MARIE/SINTE-MARIA - RUE ROYALE/ KONINGSSTRAAT 257 - 259;{'lat': 50.85778, 'lng': 4.368144};False;False;25;3;22;OPEN;1647714931000
336;bruxelles;336 - KRAAINEM;KRAAINEM - AV DE WEZEMBEEK 7A;{'lat': 50.848578, 'lng': 4.459038};False;False;17;7;10;OPEN;1647714476000
105;bruxelles;105 - DE HENNIN;DE HENNIN -  CHAUSSEE D'IXELLES/ELSENSE STEENWEG 254 - 260;{'lat': 50.830077, 'lng': 4.369545};False;True;20;5;14;OPEN;1647715038000
224;bruxelles;224 - ROCHEFORT;ROCHEFORT - AV. WIELEMANS CEUPPENS LAAN 184-190;{'lat': 50.824352, 'lng': 4.334465};False;False;25;19;6;OPEN;1647714581000
89;bruxelles;089 - ATHENEE DE JETTE/ATHENEUM VAN JETTE;ATHENEE DE JETTE/ATHENEUM VAN JETTE - AVENUE DE LEVIS MIREPOIX / DE LEVIS MIREPOIXLAAN 100;{'lat': 50.8711927450574, 'lng': 4.32992476563641};False;False;25;8;17;OPEN;1647714841000
164;bruxelles;164 - KENNIS;KENNIS - BOULEVARD LAMBERMONT (20 M APRES 284)/LAMBERMONTLAAN   (20 M NA N° 284);{'lat': 50.867643, 'lng': 4.385817};False;False;25;16;9;OPEN;1647714792000
328;bruxelles;328 - HEYDENBERG;HEYDENBERG - AV HEYDENBERG FACE 99-101;{'lat': 50.849386, 'lng': 4.41712};False;False;20;15;5;OPEN;1647714691000
250;bruxelles;250 - SAINTE-ELISABETH;SAINTE-ELISABETH - AV DE FRE CROISEMENT CH DE WATERLOO / DEFRELAAN - WATERLOOSESTEENWEG;{'lat': 50.80534, 'lng': 4.372123};False;False;25;21;3;OPEN;1647714555000
52;bruxelles;052 - SAINCTELETTE;SAINCTELETTE - PLACE SAINCTELETTE/SAINCTELETTEPLEIN;{'lat': 50.859212, 'lng': 4.34551};False;False;35;18;17;OPEN;1647715009000
15;bruxelles;015 - MONTGOMERY;MONTGOMERY - AVENUE DE TERVUREN / TERVURENLAAN 136-138;{'lat': 50.837036, 'lng': 4.406826};False;False;25;24;1;OPEN;1647714828000
90;bruxelles;090 - BROUSTIN;BROUSTIN - AV DE JETTE/ JETSELAAN 73 - 81;{'lat': 50.867448, 'lng': 4.326807};False;False;17;8;9;OPEN;1647648568000
194;bruxelles;194 - STUYVENBERG;AVENUE HOUBA DE STROOPER LAAN 30-32;{'lat': 50.885885, 'lng': 4.342003};False;False;25;18;7;OPEN;1647714725000
218;bruxelles;218 - DELACROIX;DELACROIX - RUE LEON DELACROIX 1 a 7 / LEON DELACROIXSTRAAT 1 tot 7;{'lat': 50.845928, 'lng': 4.323812};False;False;25;10;14;OPEN;1647714949000
150;bruxelles;150 - MEISER/MEISER;MEISER - PLACE GENERAL MEISER (FACE 1 - 3) / GENERAAL MEISERPLEIN (TEGENOVER 1 - 3);{'lat': 50.854654, 'lng': 4.398451};False;True;25;7;17;OPEN;1647714998000
203;bruxelles;203 - DEMOSTHENE;DEMOSTHENE - BD PRINCE DE LIEGE / PRINS VAN LUIKLAAN 216-218-220;{'lat': 50.84045, 'lng': 4.305055};False;False;15;8;7;OPEN;1647714735000
11;bruxelles;011 - SABLON / ZAVEL;SABLON / ZAVEL - RUE DE LA REGENCE / REGENTSCHAPSSTRAAT 20;{'lat': 50.8405, 'lng': 4.356878};False;True;17;9;7;OPEN;1647714872000
25;bruxelles;025 - PORTE D'ANDERLECHT;PORTE D'ANDERLECHT - BD DE L'ABATTOIR, 43-44;{'lat': 50.845769, 'lng': 4.338961};False;False;25;7;18;OPEN;1647714976000
349;bruxelles;349 - FONSNY;FONSNY - AVENUE FONSNY EN FACE DES DEBOUCHES DES RUES COENRAETS ET J. CLAES;{'lat': 50.833444, 'lng': 4.3348569999999995};False;False;20;1;19;OPEN;1647714699000
87;bruxelles;087 - MIROIR/SPIEGEL;MIROIR/SPIEGEL - AVENUE DE LAEKEN (FACE 36) / LAKENSE LAAN (TEGENOVER 36);{'lat': 50.871391, 'lng': 4.323914};False;False;25;20;5;OPEN;1647714929000
152;bruxelles;152 - PLACE DAILLY/DAILLYPLEIN;PLACE DAILLY / DAILLYPLEIN - PLACE DAILLY / DAILLYPLEIN 24 - 25;{'lat': 50.852389, 'lng': 4.387373};False;True;25;25;0;OPEN;1647714924000
24;bruxelles;024 - ROGIER / ROGIER;ROGIER - BOULEVARD DU JARDIN BOTANIQUE/KRUIDTUINLAAN;{'lat': 50.855268, 'lng': 4.358717};False;False;36;15;21;OPEN;1647714746000
188;bruxelles;188 - OSSEGHEM;OSSEGHEM -  AVENUE MAHATMA GANDHI/ MAHATMA GANDHILAAN 10;{'lat': 50.857235, 'lng': 4.324354};False;False;24;9;15;OPEN;1647714919000
198;bruxelles;198 - SCHEUT;SCHEUT - CHEE DE NINOVE (FACE 441) / NINOOFSESTEENWEG (TEGENOVER 441);{'lat': 50.847649, 'lng': 4.307714};False;False;25;14;11;OPEN;1647714891000
265;bruxelles;265 - EVERE SHOPPING;EVERE SHOPPING - AV DES LOISIRS / VRIJETIJDSLAAN;{'lat': 50.867241, 'lng': 4.40287};False;False;25;6;19;OPEN;1647714741000
356;bruxelles;356 - CENTRE SPORTIF;CENTRE SPORTIF - AVENUE JULES DU JARDIN FACE AU N°45 (ROND POINT DU TIBET);{'lat': 50.829715, 'lng': 4.455151};False;False;16;8;7;OPEN;1647714908000
223;bruxelles;223 - WIELS;WIELS - AV.WIELEMANS CEUPPENS/LAAN 7;{'lat': 50.824055, 'lng': 4.326376};False;False;25;11;14;OPEN;1647714805000
253;bruxelles;253 - REINE FABIOLA / KONINGIN FABIOLA;REINE FABIOLA / KONINGIN FABIOLA - AV PIETER GODEFROY / PIETER GODEFROYLAAN;{'lat': 50.872475, 'lng': 4.314266};False;False;25;17;8;OPEN;1647714925000
59;bruxelles;059 - PLACE ST-JOSSE/ST-JOOSTPLEIN;PLACE ST-JOSSE/ST-JOOSTPLEIN  -  RUE WILLEMS (FACE 5 - 11) / WILLEMSSTRAAT (TEGENOVER 5 - 11);{'lat': 50.849681, 'lng': 4.375312};False;False;24;8;15;OPEN;1647714448000
179;bruxelles;179 - CELTES/KELTEN;CELTES/KELTEN - AVENUE DE TERVUEREN (FACE AU 17) / TERVURENLAAN (TEGENOVER 17);{'lat': 50.839217, 'lng': 4.398015};False;True;44;41;3;OPEN;1647714884000
151;bruxelles;151 - LOUVAIN 488-494/LEUVEN 488-494;LOUVAIN / LEUVEN - CHAUSSEE DE LOUVAIN - LEUVENSESTEENWEG  488-494;{'lat': 50.853518, 'lng': 4.392491};False;False;25;8;17;OPEN;1647715013000
255;bruxelles;255 - SACRE-COEUR DE GANSHOREN;SACRE-COEUR DE GANSHOREN / HEILIGE HART VAN GANSHOREN - AV CHARLESQUINT,9 / KEISERKARELLAAN,9;{'lat': 50.868011, 'lng': 4.313968};False;False;25;13;12;OPEN;1647714812000
176;bruxelles;176 - COLONEL BOURG/KOLONEL BOURG;COLONEL BOURG/KOLONEL BOURG - RUE COLONEL BOURG/ KOLONEL BOURGSTRAAT 104;{'lat': 50.852356, 'lng': 4.408635};False;False;25;17;8;OPEN;1647714650000
42;bruxelles;042 - PORTE DE NINOVE /NINOOFSEPOORT;PORTE DE NINOVE/NINOOFSEPOORT - PLACE DE NINOVE/NINOOFSEPLEIN/SUR BLD DE L'ABATTOIR/OP SLACHTHUISLAAN;{'lat': 50.84851, 'lng': 4.338064};False;False;25;9;16;OPEN;1647714471000
115;bruxelles;115 - PETITE SUISSE/KLEIN ZWITSERLAND;PETITE SUISSE / KLEIN ZWITSERLAND - PLACE DE LA PETITE SUISSE (FACE 16-18) / KLEIN ZWITSERLANDPLEIN (TEGENOVER 16 - 18);{'lat': 50.8178067955119, 'lng': 4.38546967650475};False;False;24;22;2;OPEN;1647715018000
75;bruxelles;075 - GENERAL BARON/GENERAAL BARON;GENERAL BARON/GENERAAL BARON - AV DU PARC / PARKLAAN 51 - 55;{'lat': 50.825888, 'lng': 4.340388};False;False;25;18;7;OPEN;1647714870000
196;bruxelles;196 - PRINCE DE LIEGE / PRINS VAN LUIK;PRINCE DE LIEGE / PRINS VAN LUIK - CHEE DE NINOVE (FACE 629) / NINOOFSESTEENWEG (TEGENOVER 629);{'lat': 50.846874, 'lng': 4.29817};False;True;25;14;11;OPEN;1647714696000
80;bruxelles;080 - CERES;CERES - AV. F. ROOSEVELT/F. ROOSEVELTLAAN, 14;{'lat': 50.814852, 'lng': 4.376794};False;True;20;20;0;OPEN;1647714642000
121;bruxelles;121 - ETANGS / VIJVERS;ETANGS / VIJVERS - RUE GUILLAUME STOCQ (FACE AU N° 1-3-5)/ GUILLAUME STOCQSTRAAT (TEGENOVER N° 1-3-5);{'lat': 50.823986, 'lng': 4.37379};False;False;25;5;20;OPEN;1647714929000
95;bruxelles;095 - PLACE BOCKSTAEL/BOCKSTAELPLAATS;PLACE BOCKSTAEL/BOCKSTAELPLAATS - BLD EMILE BOCKSTAEL/EMILE BOCKSTAELLAAN 254;{'lat': 50.87808, 'lng': 4.34793};False;False;25;6;19;OPEN;1647714843000
2;bruxelles;002 - ELOY/ELOY;ELOY - RUE ELOY / ELOYSTRAAT;{'lat': 50.836151, 'lng': 4.326019};False;False;25;1;23;OPEN;1647714845000
51;bruxelles;051 - MIDI FONSNY/ZUID FONSNY;MIDI FONSNY/ZUID FONSNY - RUE D'ANGLETERRE / ENGELANDSTRAAT;{'lat': 50.835699, 'lng': 4.338826};False;False;25;0;25;OPEN;1647714672000
201;bruxelles;201 - PETERBOS;PETERBOS - BD MARIA GROENINCKX DE MAY (FACE 26) / MARIA GROENINCKX DE MAYLAAN (TEGENOVER 26);{'lat': 50.8414, 'lng': 4.296013};False;True;25;11;14;OPEN;1647714686000
81;bruxelles;081 - PONT BOCKSTAEL/BRUG BOCKSTAEL;PONT BOCKSTAEL/BRUG BOCKSTAEL - BLD EMILE BOCKSTAEL/EMILE BOCKSTAELLAAN 5;{'lat': 50.870259, 'lng': 4.343195};False;False;25;16;9;OPEN;1647714797000
37;bruxelles;037 - POELAERT / POELAERT;POELAERT - PLACE POELAERT/POELAERTPLEIN 3;{'lat': 50.83795, 'lng': 4.353019};False;True;25;8;16;OPEN;1647714954000
148;bruxelles;148 - GARE MEISER/MEISER STATION;GARE MEISER / MEISER STATION - AVENUE ROGIER/ ROGIERLAAN 377 - 379;{'lat': 50.855629, 'lng': 4.394807};False;False;22;14;8;OPEN;1647714789000
262;bruxelles;262 - PLACE DE LA PAIX/VREDEPLAIN;PLACE DE LA PAIX / VREDEPLAIN - PLACE DE LA PAIX FACE 24 / VREDEPLEIN VOOR 24;{'lat': 50.87693, 'lng': 4.400722};False;False;20;4;14;OPEN;1647714726000
71;bruxelles;071 - LEGRAND;LEGRAND - AV LOUISE/LOUIZALAAN 525;{'lat': 50.815019, 'lng': 4.371982};False;True;22;14;7;OPEN;1647714950000
354;bruxelles;354 - TRIOMPHE / TRIOMF;TRIOMPHE - BD DU TRIOMPHE / TRIOMFLAAN  105 - 107;{'lat': 50.821557, 'lng': 4.402288};False;True;20;18;2;OPEN;1647714922000
293;bruxelles;293 - KEYM;KEYM - AVENUE DU COLVERT;{'lat': 50.810528, 'lng': 4.40231};False;False;25;7;18;OPEN;1647714540000
280;bruxelles;280 - HEYSEL / HEISEL;HEYSEL / HEISEL - AVENUE DE L'IMPERATRICE CHARLOTTE / KEIZERIN CHARLOTTELAAN;{'lat': 50.897522, 'lng': 4.334831};False;False;25;14;11;OPEN;1647714462000
282;bruxelles;282 - CENTENAIRE / EEUWFEEST;CENTENAIRE / EEUWFEEST - BOULEVARD DU CENTENAIRE / EEUWFEESTLAAN;{'lat': 50.89097, 'lng': 4.344827};False;False;25;3;22;OPEN;1647714604000
64;bruxelles;064 - VETERINAIRES;VETERINAIRES/VEEARTSEN - RUE DE FRANCE / FRANKRIJKSTRAAT;{'lat': 50.832749, 'lng': 4.331058};False;False;25;6;19;OPEN;1647714991000
30;bruxelles;030 - LAEKEN / LAKEN;LAEKEN/LAKEN - RUE DE LAEKEN (ENTRE N° 119 ET 109) / LAKENSESTRAAT (TUSSEN N° 119 EN 109);{'lat': 50.853666, 'lng': 4.351771};False;False;25;2;23;OPEN;1647714822000
68;bruxelles;068 - JEAN REY;JEAN REY - PLACE JEAN REY/JEAN REYPLAATS;{'lat': 50.840282, 'lng': 4.380131};False;False;33;0;33;OPEN;1647714842000
222;bruxelles;222 - MERCKX;MERCKX - ROUTE DE LENNIK / LENNIKSEBAAN;{'lat': 50.8172462427287, 'lng': 4.28044544916521};False;False;25;15;10;OPEN;1647714726000
33;bruxelles;033 - MORT SUBITE;MORT SUBITE - RUE MONTAGNE AUX-HERBES-POTAGERES (FACE N° 7)/WARMOESBERG (TEGENOVER N°7);{'lat': 50.848701, 'lng': 4.356055};False;False;25;1;24;OPEN;1647714507000
85;bruxelles;085 - ETANGS NOIRS/ZWARTE VIJVERS;ETANGS NOIRS /ZWARTE VIJVERS - CHEE DE GAND/STEENWEG OP GENT;{'lat': 50.8572655240874, 'lng': 4.33236837868758};False;False;25;11;14;OPEN;1647714631000
32;bruxelles;032 - DANSAERT;DANSAERT - RUE ANTOINE DANSAERT/ANTOINE DANSAERTSTRAAT 60-62-64;{'lat': 50.850176, 'lng': 4.346384};False;False;35;1;32;OPEN;1647714909000
252;bruxelles;252 - BEMPT;BEMPT - CH DE NEERSTALLE DEVANT 333-335-337 / NEERSTALLESESTEENWEG 333-335-337;{'lat': 50.802563, 'lng': 4.315701};False;False;25;15;10;OPEN;1647714683000
192;bruxelles;192 - AUBERGE DE JEUNESSE;AUBERGE DE JEUNESSE - RUE DELAUNOY/STRAAT ,67;{'lat': 50.851562, 'lng': 4.332924};False;False;25;9;15;OPEN;1647714780000
340;bruxelles;340 - TOMBERG;AVENUE PAUL HYMANSLAAN;{'lat': 50.843617, 'lng': 4.425324};False;False;24;5;19;OPEN;1647714700000
213;bruxelles;213 - LA ROUE / HET RAD;LA ROUE / HET RAD - CH DE MONS 1100-1106 / BERGENSESTEENWEG 1100-1106;{'lat': 50.821018, 'lng': 4.293865};False;False;15;7;7;OPEN;1647714922000
128;bruxelles;128 - MUSEE DU TRAM;MUSEE DU TRAM - AVENUE DE TERVUREN / TERVURENLAAN;{'lat': 50.832355, 'lng': 4.432358};False;False;25;9;16;OPEN;1647714784000
233;bruxelles;233 - PARC DUDEN / DUDEN PARK;PARC DUDEN / DUDEN PARK - AV VICTOR ROUSSEAU FACE 132 / VICTOR ROUSSEAULAAN VOOR 132;{'lat': 50.813858, 'lng': 4.330992};False;True;20;12;8;OPEN;1647714490000
303;bruxelles;303 - VIEUX TILLEUL;VIEUX TILLEUL - AV DU BOIS DE LA CAMBRE FACE 113;{'lat': 50.807903, 'lng': 4.392756};False;False;25;0;0;CLOSED;1647714767000
258;bruxelles;258 - LIBERTE;LIBERTE - AV DE LA LIBERTE, 44 / VRIJHEIDSLAAN,44;{'lat': 50.862152, 'lng': 4.323353};False;True;18;17;1;OPEN;1647714472000
259;bruxelles;259 - NOVILLE;NOVILLE - SQ NOVILLE;{'lat': 50.859608, 'lng': 4.33409};False;False;20;9;11;OPEN;1647714672000
28;bruxelles;028 - CLEMENCEAU / CLEMENCEAU;CLEMENCEAU - CHEE DE MONS/ BERGENSE STEENWEG 159-161-163;{'lat': 50.842005, 'lng': 4.3305};False;False;27;5;21;OPEN;1647714867000
160;bruxelles;160 - ELISA;ELISA - PLACE PRINCESSE ELISABETH / PRINSES ELISABETHPLEIN 8 - 19;{'lat': 50.877501, 'lng': 4.3803149999999995};False;False;23;4;18;OPEN;1647714926000
92;bruxelles;092 - LENOIR;LENOIR - BLD DE SMET DE NAEYER/DE SMET DE NAEYERLAAN 187 - 189;{'lat': 50.875826, 'lng': 4.329921};False;False;24;10;14;OPEN;1647714467000
145;bruxelles;145 - COTEAUX/WIJNHEUVELEN;COTEAUX/WIJNHEUVELEN - AVENUE ROGIER / ROGIERLAAN 128;{'lat': 50.859096, 'lng': 4.379117};False;False;25;8;17;OPEN;1647714936000
297;bruxelles;297 - TEN REUKEN;TEN REUKEN - BD DU SOUVERAIN FACE 76;{'lat': 50.804775, 'lng': 4.426387};False;False;25;20;5;OPEN;1647714968000
296;bruxelles;296 - GARE DE BOITSFORT;GARE DE BOITSFORT / BOSVOORDE STATION - CHEE DE LA HULPE DVT 187 / HULPSESTEENWEG 187;{'lat': 50.79528, 'lng': 4.40832};False;False;25;23;2;OPEN;1647714816000
317;bruxelles;317 - GEYSKENS;GEYSKENS - AVENUE ISIDORE GEYSKENSLAAN FACE/TEGENOVER 108;{'lat': 50.82015, 'lng': 4.4222};False;False;20;6;14;OPEN;1647714597000
110;bruxelles;110 - RODIN;RODIN - AVENUE DE LA COURONNE (DEVANT 145 D) / KROONLAAN (N° 145 D);{'lat': 50.826992, 'lng': 4.382379};False;False;22;22;0;OPEN;1647714726000
314;bruxelles;314 - HERRMANN DEBROUX;HERRMANN DEBROUX - AV HERRMANN DEBROUXLAAN;{'lat': 50.812325, 'lng': 4.427962};False;False;30;5;25;OPEN;1647715002000
325;bruxelles;325 - HANKAR;HANKAR - CHEE DE WAVRE / WAVERSESTEENWEG 1208;{'lat': 50.821441, 'lng': 4.406925};False;True;25;21;4;OPEN;1647714758000
76;bruxelles;076 - PLACE VAN MEENEN/VAN MEENENPLEIN;PLACE VAN MEENEN/VAN MEENENPLEIN - AV PAUL DEJAER (FACE 35 - 39) / PAUL DEJAERLAAN (TEGENOVER 35 - 39);{'lat': 50.825749, 'lng': 4.345165};False;False;25;16;9;OPEN;1647714854000
102;bruxelles;102 - MUSEUM/MUSEUM;MUSEUM - CHAUSSEE DE WAVRE (FACE 229 - 233)  /  WAVERSESTEENWEG (TEGENOVER 229 - 233);{'lat': 50.83579, 'lng': 4.375782};False;False;25;12;13;OPEN;1647714546000
288;bruxelles;288 - HOUZEAU;HOUZEAU - AVENUE HOUZEAU 21 / HOUZEAULAAN 21;{'lat': 50.80351, 'lng': 4.3589};False;False;20;8;12;OPEN;1647714726000
346;bruxelles;346 - RECHERCHE;RECHERCHE - ROUTE DE LENNIK N°788;{'lat': 50.81591, 'lng': 4.2737};False;False;20;8;11;OPEN;1647715041000
53;bruxelles;053 - GARE DU MIDI / ZUIDSTATION;GARE DU MIDI / ZUIDSTATION - PLACE VICTOR HORTA / VICTOR HORTAPLEIN;{'lat': 50.837499, 'lng': 4.335947};False;False;40;2;36;OPEN;1647714810000
136;bruxelles;136 - PAVILLON/PAVILJOEN;PAVILLON/PAVILJOEN - PLACE PAVILLON /PAVILJOENPLAATS 92-94-96;{'lat': 50.869809, 'lng': 4.371808};False;False;24;11;13;OPEN;1647714739000
146;bruxelles;146 - LEOPOLD III/LEOPOLD III;LEOPOLD III -  BOULEVARD LEOPOLD III / LEOPOLD III-LAAN;{'lat': 50.859243, 'lng': 4.401022};False;False;25;7;18;OPEN;1647714954000
120;bruxelles;120 - BLYCKAERTS;BLYCKAERTS - PLACE RAYMOND BLYCKAERTS/RAYMOND BLYCKAERTSPLEIN;{'lat': 50.832872, 'lng': 4.37483};False;True;25;21;4;OPEN;1647714524000
353;bruxelles;353 - BEAULIEU;BEAULIEU - RUE JULES COCKX / JULES COCKXSTRAAT;{'lat': 50.815681, 'lng': 4.40812};False;True;20;11;8;OPEN;1647714972000
324;bruxelles;324 - THOMAS BALIS;THOMAS BALIS - CHEE DE WAVRE 1395 à 1403 / WAVERSESTEENWEG 1395 TOT 1403;{'lat': 50.819641, 'lng': 4.412926};False;False;25;11;14;OPEN;1647714459000
309;bruxelles;309 - SQUARE DU CENTENAIRE;SQUARE DU CENTENAIRE / EEUWFEESTSQUARE- SQUARE DU CENTENAIRE;{'lat': 50.87521, 'lng': 4.317954};False;False;25;9;16;OPEN;1647714665000
226;bruxelles;226 - UNION/UNIE;UNION/UNIE - BD DE LA DEUXIEME ARMEE BRITANNIQUE / BRITS TWEEDELEGERLAAN 8 - 2;{'lat': 50.819939, 'lng': 4.325277};False;False;25;18;6;OPEN;1647714897000
141;bruxelles;141 - GARE DU NORD/NOORDSTATION;GARE DU NORD/NOORDSTATION - PLACE SIMON BOLIVAR/ SIMON BOLIVARLAAN;{'lat': 50.860652, 'lng': 4.358116};False;False;42;3;39;OPEN;1647714973000
248;bruxelles;248 - PRINCE DE LIGNE / PRINCE LIJN;PRINCE DE LIGNE / PRINCE LIJN - CHEE DE WATERLOO FACE 1170 / WATERLOOSESTEENWEG VOOR 1170;{'lat': 50.795704, 'lng': 4.373631};False;False;22;5;17;OPEN;1647714728000
55;bruxelles;055 - BOTANIQUE/KRUIDTUIN;BOTANIQUE/KRUIDTUIN - AVENUE GALILEE/GALILEELAAN;{'lat': 50.853248, 'lng': 4.366188};False;True;25;18;7;OPEN;1647714701000
348;bruxelles;348 - HANSEN-SOULIE;HANSEN-SOULIE - AVENUE HANSEN-SOULIE 42;{'lat': 50.831078, 'lng': 4.398546};False;False;24;2;20;OPEN;1647714659000
327;bruxelles;327 - SIBELGA;SIBELGA - QUAI DES USINES / WERKHUIZENKAAI 16;{'lat': 50.874082, 'lng': 4.362205};False;False;20;7;13;OPEN;1647714963000
19;bruxelles;019 - PLACE MORICHAR/MORICHARPLEIN;PLACE MORICHAR / MORICHARPLEIN - RUE DES ETUDIANTS/ STUDENTENSTRAAT 32 - 34;{'lat': 50.828046, 'lng': 4.347596};False;True;20;13;7;OPEN;1647714760000
149;bruxelles;149 - JULES LEBRUN;JULES LEBRUN - CHAUSSEE DE LOUVAIN (FACE 593) / LEUVENSE STEENWEG (TEGENOVER 593);{'lat': 50.856208, 'lng': 4.403386};False;False;25;6;19;OPEN;1647714562000
46;bruxelles;046 - ALBERTINE / ALBERTINA;ALBERTINE/ALBERTINA - BLD DE L'EMPEREUR/KEIZERSLAAN FACE/TEGENOVER 2;{'lat': 50.843556, 'lng': 4.355006};False;False;24;6;17;OPEN;1647714668000
289;bruxelles;289 - SQUARE GEORGES MARLOWSQUARE;SQUARE GEORGES MARLOWSQUARE - SQUARE MARLOW FACE 3-4-5 / MARLOWSQUARE VOOR 3-4-5;{'lat': 50.801816, 'lng': 4.340738};False;False;25;14;11;OPEN;1647714891000
299;bruxelles;299 - SAINT-ADRIEN;SAINT-ADRIEN - AV DU PESAGE N°21;{'lat': 50.809355, 'lng': 4.3866060000000004};False;False;20;19;1;OPEN;1647714665000
273;bruxelles;273 - TAMARIS;TAMARIS - BD METTEWIE LAAN VOOR/FACE 71;{'lat': 50.854824, 'lng': 4.306209};False;False;25;21;3;OPEN;1647714611000
8;bruxelles;008 - ARTS-LOI / KUNST-WET;ARTS-LOI/KUNST-WET -  AVENUE DES ARTS/KUNSTLAAN 24;{'lat': 50.845683, 'lng': 4.368582};False;True;42;42;0;OPEN;1647714859000
36;bruxelles;036 - PLACE ST JEAN / SINT-JANSPLEIN;PLACE ST JEAN/SINT-JANSPLEIN - RUE DU LOMBARD/LOMBARDSTRAAT 42;{'lat': 50.845124, 'lng': 4.3514859999999995};False;False;35;3;32;OPEN;1647714570000
3;bruxelles;003 - PORTE DE FLANDRE / VLAAMSEPOORT;PORTE DE FLANDRE/VLAAMSEPOORT - BLD DE NIEUPORT/NIEUWPOORTLAAN 1;{'lat': 50.853203, 'lng': 4.341823};False;False;21;3;18;OPEN;1647714611000
261;bruxelles;261 - CONSCIENCE;CONSCIENCE - AVENUE HENRI CONSCIENCE / HENRI CONSCIENCELAAN 83;{'lat': 50.86879, 'lng': 4.399587};False;False;20;9;11;OPEN;1647714783000
284;bruxelles;284 - CLAESSENS;CLAESSENS - RUE CLAESSENS FACE 7 / CLAESSENSSTRAAT VOOR 7;{'lat': 50.873085, 'lng': 4.35859};False;False;25;11;13;OPEN;1647714946000
247;bruxelles;247 - STALLE;STALLE - RUE DE STALLE PROLONGEE/VERLENGDE STALLESTRAAT;{'lat': 50.79586, 'lng': 4.32058};False;False;25;5;20;OPEN;1647714890000
331;bruxelles;331 - GEORGES HENRI;GEORGES HENRI - AV GEORGES HENRI;{'lat': 50.842319, 'lng': 4.406295};False;False;20;11;8;OPEN;1647714865000
10;bruxelles;010 - CHAPELLE / KAPEL;CHAPELLE/KAPEL - PLACE DE LA CHAPELLE/KAPELLEPLEIN;{'lat': 50.841345, 'lng': 4.351729};False;False;20;4;16;OPEN;1647714785000
163;bruxelles;163 - CHAZAL/CHAZAL;CHAZAL - AVENUE ERNEST CAMBIER (FACE 7)/ ERNEST CAMBIERLAAN (TEGENOVER 7);{'lat': 50.859112, 'lng': 4.39157};False;False;25;21;3;OPEN;1647714711000
210;bruxelles;210 - MARIUS RENARD;MARIUS RENARD - AV CHARLES DE TOLLENAERE (FACE 60) - CHARLES DE TOLLENAERELAAN (TEGENOVER 60);{'lat': 50.827873, 'lng': 4.288707};False;False;25;6;19;OPEN;1647714935000
306;bruxelles;306 - HEMBEEK;HEMBEEK - ANGLE AV DES CROIX DE FEU / VUURKRUISENLAAN 7-9;{'lat': 50.889073, 'lng': 4.375073};False;False;25;12;13;OPEN;1647714522000
326;bruxelles;326 - ADEPS;ADEPS - CHEE DE WAVRE / WAVERSESTEENWEG 2057;{'lat': 50.809406, 'lng': 4.443777};False;False;22;2;20;OPEN;1647714891000
334;bruxelles;334 - MARCEL THIRY;MARCEL THIRY - AV MARCEL THIRY FACE 23;{'lat': 50.855593, 'lng': 4.439625};False;False;20;7;12;OPEN;1647714511000
78;bruxelles;078 - DUC PETIAUX;DUC PETIAUX - CHAUSSEE DE WATERLOO/ WATERLOOSESTEENWEG 376 - 370;{'lat': 50.823699, 'lng': 4.351623};False;False;25;23;1;OPEN;1647714812000
31;bruxelles;031 - MUSEE DE LA BD / STRIPMUSEUM;MUSEE DE LA BD/STRIPMUSEUM - BOULEVARD PACHECO/PACHECOLAAN;{'lat': 50.850303, 'lng': 4.360706};False;False;25;5;19;OPEN;1647714921000
6;bruxelles;006 - GARE CENTRALE/CENTRAAL STATION;GARE CENTRALE/CENTRAAL STATION - BLD DE L'IMPERATRICE/KEIZERINLAAN;{'lat': 50.845333, 'lng': 4.356475};False;False;40;0;40;OPEN;1647714647000
215;bruxelles;215 - CUREGHEM / KUREGEM;CUREGHEM / KUREGEM - AV RAYMOND VANDER BRUGGEN / VANDEN BRUGGENLAAN;{'lat': 50.836864, 'lng': 4.317321};False;False;25;18;7;OPEN;1647714521000
21;bruxelles;021 - DE BROUCKERE;DE BROUCKERE - PLACE DE BROUCKERE/DE BROUCKEREPLEIN;{'lat': 50.85223, 'lng': 4.35316};False;False;43;8;35;OPEN;1647714780000
13;bruxelles;013 - LEMONNIER;LEMONNIER - BLD. MAURICE LEMONNIER/DE MAURICE LEMONNIERLAAN 202-204-206;{'lat': 50.840184, 'lng': 4.341324};False;False;25;6;19;OPEN;1647714919000
22;bruxelles;022 - JACQMAIN;JACQMAIN - BLD. D'ANVERS / ANTWERPSELAAN 4;{'lat': 50.85587, 'lng': 4.35585};False;False;23;16;7;OPEN;1647714691000
113;bruxelles;113 - ABBAYE DE LA CAMBRE / ABDIJ TER KAMEREN;ABBAYE DE LA CAMBRE/ABDIJ TER KAMEREN - AVENUE EMILE DURAY (FACE AU N° 2) /EMILE DURAYLAAN (TEGENOVER N° 2);{'lat': 50.820042, 'lng': 4.374785};False;False;20;8;12;OPEN;1647714807000
294;bruxelles;294 - WIENER;WIENER - PLACE WIENER 2 / WIENERPLAATS 2;{'lat': 50.798344, 'lng': 4.419014};False;False;25;7;18;OPEN;1647714568000
241;bruxelles;241 - STATUAIRES/BEELDHOUWWERK;STATUAIRES/BEELDHOUWWERK - AVENUE DE FRE/DE FRELAAN 62;{'lat': 50.803917, 'lng': 4.349116};False;False;25;14;11;OPEN;1647714696000
237;bruxelles;237 - PARVIS ST ANTOINE;PARVIS ST ANTOINE / ST ANTONIUS VOORPLEIN - RUE DE MERODE/MERODESTRAAT 290;{'lat': 50.827972, 'lng': 4.330705};False;False;25;22;3;OPEN;1647714884000
4;bruxelles;004 - JARDIN AUX FLEURS / BLOEMENHOF;JARDIN AUX FLEURS/BLOEMENHOF - PLACE DU JARDIN AUX FLEURS/BLOEMENHOFPLEIN - RUE DES 6 JETONS/ZES PENNIGENSTRAAT 71;{'lat': 50.8478648532058, 'lng': 4.34352099986983};False;False;20;10;7;OPEN;1647714800000
216;bruxelles;216 - ARISTIDE BRIAND;ARISTIDE BRIAND - CH DE MONS 718 a 720 / BERGENSESTEENWEG 718 tot 720;{'lat': 50.828873, 'lng': 4.303918};False;False;25;11;14;OPEN;1647714716000
126;bruxelles;126 - FABRY;FABRY - BOULEVARD DE LA WOLUWE / WOLUWELAAN 28;{'lat': 50.837288, 'lng': 4.43462};False;False;25;8;17;OPEN;1647714893000
276;bruxelles;276 - CROIX DE GUERRES / OORLOGSKRUISEN;CROIX DE GUERRES / OORLOGSKRUISEN - AVENUE DES CROIX DE GUERRE / OORLOGSKRUISENLAAN 116;{'lat': 50.889748, 'lng': 4.380755};False;False;25;19;6;OPEN;1647714753000
45;bruxelles;045 - STEPHANIE/STEFANIA;STEPHANIE/STEFANIA - AV LOUISE/LOUIZALAAN 61A-63-65;{'lat': 50.83308, 'lng': 4.35743};False;False;25;23;2;OPEN;1647714727000
166;bruxelles;166 - GC ESSEGEM;GC ESSEGEM - RUE AMELIE GOMAND 51- 45;{'lat': 50.876205, 'lng': 4.337137};False;False;25;10;15;OPEN;1647714529000
277;bruxelles;277 - VAN PRAET;VAN PRAET - AVENUE VAN PRAET / VAN PRAETLAAN;{'lat': 50.881588, 'lng': 4.373817};False;False;21;15;5;OPEN;1647714565000
272;bruxelles;272 - SCHEUTBOS;SCHEUTBOS - BD METTEWIE/LAAN FACE/VOOR 419;{'lat': 50.850845, 'lng': 4.299659};False;False;25;8;17;OPEN;1647714899000
236;bruxelles;236 -MAISON COMMUNALE DE FOREST/VORST GEMEENTEHUIS;MAISON COMMUNALE DE FOREST / VORST GEMEENTEHUIS - RUE SAINT DENIS 4 / SINT DENIJSSTRAAT 4;{'lat': 50.812328, 'lng': 4.318885};False;False;25;7;18;OPEN;1647714926000
219;bruxelles;219 - VAN HELLEMONT;VAN HELLEMONT - RUE DE NEERPEDE 372-374 / NEERPEDESTRAAT 372-374;{'lat': 50.829491, 'lng': 4.286006};False;False;23;18;3;OPEN;1647714821000
139;bruxelles;139 - LIEDTS;LIEDTS - PLACE LIEDTS (FACE AU 38)/ LIEDTSPLEIN (TEGENOVER 38);{'lat': 50.863872, 'lng': 4.366741};False;False;25;6;15;OPEN;1647714651000
72;bruxelles;072 - ULB SOLBOSCH / VUB  SOLBOSCH;ULB SOLBOSCH / VUB SOLBOSCH - AV. F.ROOSEVELT/F.ROOSEVELTLAAN 19;{'lat': 50.812489, 'lng': 4.379203};False;True;24;23;0;OPEN;1647714518000
341;bruxelles;341 - VOOT;VOOT - BD DE LA WOLUWE DVT 58;{'lat': 50.840942, 'lng': 4.436529};False;False;23;8;15;OPEN;1647714695000
173;bruxelles;173 - BICHON;BICHON - PLACE BICHON / BICHONPLEIN;{'lat': 50.864656, 'lng': 4.394448};False;False;24;8;16;OPEN;1647714987000
